{"cameraMode":{"drawMode":0,"name":"Shaded","section":"Shading Mode"},"sceneLighting":false,"audioPlay":false,"sceneViewState":{"m_AlwaysRefresh":false,"showFog":true,"showSkybox":false,"showFlares":true,"showImageEffects":true,"showParticleSystems":true,"showVisualEffectGraphs":true,"m_FxEnabled":true},"in2DMode":false,"pivot":{"x":-23.395618438720704,"y":1.1078355312347413,"z":-22.75750160217285},"rotation":{"x":0.061809562146663669,"y":-0.9305413365364075,"z":0.1855221539735794,"w":0.3096943199634552},"size":3.2623140811920168,"orthographic":false}