{"cameraMode":{"drawMode":0,"name":"Shaded","section":"Shading Mode"},"sceneLighting":true,"audioPlay":false,"sceneViewState":{"m_AlwaysRefresh":false,"showFog":true,"showSkybox":true,"showFlares":true,"showImageEffects":true,"showParticleSystems":true,"showVisualEffectGraphs":true,"m_FxEnabled":true},"in2DMode":false,"pivot":{"x":-3.6111652851104738,"y":4.658752918243408,"z":4.363008975982666},"rotation":{"x":0.23262116312980653,"y":0.43931153416633608,"z":-0.11890333890914917,"w":0.859529972076416},"size":0.36690014600753786,"orthographic":false}